Step Number,Energy per particle,Pressure
0, -0.07496976345145746, 0.013352902225874546
