Step Number,Energy per particle,Pressure
0, -0.07762628765989346, 0.007519773382039482
